consultant_first_name,consultant_second_name,consultant_last_name,manager_key,consultant_business_key
Wincent,,Partyka,4,WP056056004E
Milan,,Moskal,4,MM040048004E
Polikarp,,Michalak,4,PM064064004E
Eliza,,Gondz,4,EG040040004E
Miłosława,,Gut,4,MG072024004E
Letycja,,Dziubdziela,4,LD056088004E
Kasjan,,Kreczmar,4,KK048064004E
Eugeniusz,,Tomankiewicz,4,ET072096004E
Jaśmina,,Patek,4,JP056040004E
Sergiusz,,Korona,4,SK064048004E
Brayan,,Gombrowicz,4,BG048080004E
Kacper,,Panowicz,4,KP048064004E
Masza,,Adamkiewicz,4,MA040088004E
Olivier,,Kozakiewicz,4,OK056088004E
Ksawery,,Kaczorowska,4,KK056088004E
Diego,,Pańczyk,4,DP040056004E
Rita,,Klimczuk,4,RK032064004E
Bogda,,Firląg,4,BF040048004E
Sandra,Maya,Kuraś,4,SK048040004E
Marcjanna,,Hejmo,4,MH072040004E
Natalia,Larysa,Konieczko,4,NK056072004E
Walenty,,Czachor,4,WC056056004E
Zbigniew,Lucjan,Kalkstein,4,ZK064072004E
Hubert,,Kasprzyk,4,HK048064004E
Iga,,Krauze,4,IK024048004E
Bogusława,,Glinka,4,BG072048004E
Oliwia,,Kot,4,OK048024004E
Igor,,Kowalczyk,4,IK032072004E
Kazimierz,,Gawron,4,KG072048004E
Justyna,,Kozubek,4,JK056056004E
Artur,,Zych,4,AZ040032004E
Nathan,,Leniart,4,NL048056004E
Radosław,,Redyk,4,RR064040004E
Bryan,,Jurczyk,4,BJ040056004E
Lola,,Kiszka,4,LK032048004E
Marzanna,Dobrosława,Krakowiak,4,MK064072004E
Cyprian,,Ochab,4,CO056040004E
Krystian,,Myśliwiec,4,KM064072004E
Fatima,Helena,Niemiec,4,FN048056004E
Eryk,,Ignatowicz,4,EI032080004E
Michael,,Frąc,4,MF056032004E
Marcel,,Teodorowicz,4,MT048088004E
Philip,Seweryn,Korzeniak,4,PK048072004E
Kryspin,Leonardo,Bieniasz,4,KB056064004E
Sylwester,,Piecha,4,SP072048004E
Aaron,,Maniura,4,AM040056004E
Magda,,Karaś,4,MK040040004E
Faustyna,,Balis,4,FB064040004E
Jan,,Andrzejczak,4,JA024088004E
Mariusz,,Urbaniak,4,MU056064004E
Megan,,Gryga,4,MG040040004E
Jonathan,,Gucwa,4,JG064040004E
Tymon,,Filipczak,4,TF040072004E
Maksymilian,,Nowak,4,MN088040004E
Józef,,Stasiuk,4,JS040056004E
Marcela,,Kaczmarek,4,MK056072004E
Seweryn,,Marciniak,4,SM056072004E
Iwona,,Masny,4,IM040040004E
Debora,,Palowicz,4,DP048064004E
Michalina,,Grzywak,4,MG072056004E
Mirosław,,Damboń,4,MD064048004E
Cecylia,,Giedroyć,4,CG056064004E
Kornel,Olivier,Bakuła,4,KB048048004E
Bartłomiej,,Pelc,4,BP080032004E
Jarosław,,Warzager,4,JW064064004E
Longin,,Kalinowscy,4,LK048080004E
Róża,,Mazurek,4,RM032056004E
Eleonora,,Skrok,4,ES064040004E
Malwina,,Adamowicz,4,MA056072004E
Bastian,,Józefowicz,4,BJ056080004E
Paweł,,Dancewicz,4,PD040072004E
Malika,,Mołdrzyk,4,MM048064004E
Juliusz,,Kandefer,4,JK056064004E
Ariel,,Matuszkiewicz,4,AM040104004E
Nataniel,,Kononowicz,4,NK064080004E
Filomena,,Dziadosz,4,FD064064004E
Zenobia,,Pakosz,4,ZP056048004E
Brian,,Tyrowicz,4,BT040064004E
Izabela,,Marcinkiewicz,4,IM056104004E
Oliver,,Waszkiewicz,4,OW048088004E
Alan,,Klimek,4,AK032048004E
Beata,Syntia,Stachyra,4,BS040064004E
Katarzyna,,Pawełkiewicz,4,KP072096004E
Tola,Mila,Peretjatkowicz,4,TP032112004E
Olimpia,,Pazura,4,OP056048004E
Konstancja,Zenobia,Melodystow,4,KM080080004E
Teresa,,Mirek,4,TM048040004E
Ivo,,Młynarczyk,4,IM024080004E
Janusz,,Lilpopow,4,JL048064004E
Tina,Anastazja,Tatarkiewicz,4,TT032096004E
Joachim,,Kulas,4,JK056040004E
Alicja,Leah,Kotowicz,4,AK048064004E
Paula,,Keffermuller,4,PK040096004E
Daniela,,Fikus,4,DF056040004E
Franciszka,Natasza,Kaczor,4,FK080048004E
Jędrzej,Konstanty,Fogiel,4,JF056048004E
Regina,,Mąkosza,4,RM048056004E
Aleksander,,Panasewicz,4,AP080080004E
Oktawia,,Jaśkiewicz,4,OJ056080004E
Michał,,Zawiślak,4,MZ048064004E
Melisa,,Bachleda,4,MB048064004E
Irena,Miranda,Baran,4,IB040040004E
Patryk,,Stajer,4,PS048048004E
Amadeusz,,Rataj,4,AR064040004E
Jacek,,Unrug,4,JU040040004E
Zachariasz,,Paluszkiewicz,4,ZP080104004E
Helen,,Smolar,4,HS040048004E
Mateusz,Bartłomiej,Rusek,4,MR056040004E
Stefan,,Mazuś,4,SM048040004E
